frame_index,timestamp_s,left_knee,right_knee,left_hip,right_hip,left_pelvis_femur,right_pelvis_femur,left_ankle,right_ankle,left_elbow,right_elbow,left_shoulder,right_shoulder,trunk_inclination
0,0.0000,,,,170.28,,87.7,,,76.17,56.86,1.98,21.49,7.96
1,0.0390,,,,165.78,,93.02,,,80.06,58.02,5.05,14.2,5.46
2,0.0780,,,,166.44,,92.59,,,78.85,59.68,5.54,15.76,4.54
3,0.1169,,,,164.51,,95.94,,,80.89,61.88,6.83,15.69,0.82
4,0.1559,,,,166.13,,94.42,,,78.92,61.8,5.49,17.76,1.38
5,0.1949,,,,166.25,,94.29,,,78.32,61.44,5.33,17.73,2.01
6,0.2339,,,,166.97,,93.19,,,81.1,61.26,6.75,17.62,2.51
7,0.2729,,,,167.34,,92.51,,,80.92,61.41,6.47,17.05,3.01
8,0.3118,,,,166.27,,93.36,,,81.42,62.85,6.52,16.31,3.25
9,0.3508,,,,166.75,,93.89,,,79.86,63.96,6.26,16.19,2.86
10,0.3898,,,,166.74,,94.64,,,77.32,64.47,4.77,15.42,2.43
11,0.4288,,,,167.16,,94.34,,,74.76,65.86,1.81,16.78,3.65
12,0.4678,,,,167.01,,95.36,,,74.9,67.35,2.21,15.9,2.2
13,0.5067,,,170.54,167.27,83.53,95.13,,,75.66,68.23,1.69,15.88,2.7
14,0.5457,,,169.53,168.19,84.94,94.37,,,75.3,68.33,1.09,16.89,2.91
15,0.5847,,,169.79,167.68,84.38,94.84,,,75.94,67.41,1.1,16.01,2.99
16,0.6237,,,170.8,167.54,83.34,95.96,,,70.33,83.17,2.83,21.92,1.79
17,0.6627,,,171.19,167.51,83.71,96.37,,,70.33,79.55,4.12,22.04,1.64
18,0.7016,,,171.87,166.54,81.91,97.87,,,70.02,79.21,3.83,21.7,0.42
19,0.7406,,,172.38,166.77,82.57,97.68,,,70.62,79.04,4.06,22.03,0.56
20,0.7796,,,172.77,165.94,81.51,98.75,,,71.11,80.67,4.92,22.3,0.36
21,0.8186,,,171.6,166.27,82.49,98.41,,,69.7,81.76,6.85,23.5,0.53
22,0.8576,,,172.57,166.68,82.72,98.22,,,69.18,86.59,8.23,25.9,1.08
23,0.8965,,,172.79,166.26,81.66,98.97,,,70.17,83.93,7.92,23.73,0.27
24,0.9355,,,173.16,165.77,81.21,99.59,,,70.62,83.44,7.67,23.17,0.21
25,0.9745,,,173.14,166.41,81.33,99.33,,,69.86,82.4,7.65,22.67,0.53
26,1.0135,,,173.87,167.76,81.67,98.02,,,71.12,80.27,6.0,22.03,0.84
27,1.0525,,,175.69,169.47,82.28,95.27,,,70.2,75.2,5.51,25.35,3.68
28,1.0914,,,175.38,170.64,81.69,93.81,,,71.86,61.04,4.47,19.28,4.15
29,1.1304,,,176.4,173.53,84.1,90.55,,,69.33,62.97,8.17,25.88,5.83
30,1.1694,,,176.47,174.89,85.24,89.34,,,66.92,62.41,5.95,23.79,5.74
31,1.2084,,,172.6,174.35,88.56,87.42,,,72.41,57.14,4.52,16.26,5.95
32,1.2474,,,169.16,174.91,91.09,86.73,,,69.83,56.12,7.49,17.06,6.53
33,1.2863,,,168.15,174.59,90.48,86.98,,,69.16,57.58,6.92,20.6,6.38
34,1.3253,,,168.1,177.65,91.0,85.29,,,71.66,55.83,7.48,17.97,5.71
35,1.3643,,,160.72,176.38,102.22,79.71,,,66.82,51.06,4.59,22.26,7.52
36,1.4033,,,,171.58,,78.61,,,69.43,51.0,6.98,15.32,7.6
37,1.4423,,,,168.32,,79.76,,,66.12,48.1,8.96,18.37,7.78
38,1.4812,,,,161.05,,80.11,,,65.47,45.34,13.67,23.3,8.74
39,1.5202,,,,143.05,,81.02,,,68.33,41.62,15.5,28.55,11.99
40,1.5592,,,,137.2,,87.01,,,65.01,41.25,15.49,27.18,11.68
41,1.5982,,,,129.83,,89.09,,,63.35,43.03,19.45,31.04,10.98
42,1.6372,,,,120.54,,91.54,,,58.29,51.82,21.01,32.83,11.52
43,1.6762,,,,117.35,,90.32,,,58.64,53.22,22.2,32.96,12.11
44,1.7151,,,,123.63,,91.0,,,51.38,60.47,25.44,41.33,11.73
45,1.7541,,,,128.77,,88.79,,,54.65,58.93,27.0,45.22,10.83
46,1.7931,,,,133.94,,79.06,,,80.79,74.5,37.41,57.91,6.34
47,1.8321,,,,145.21,,81.1,,,76.47,79.98,42.75,63.85,3.33
48,1.8711,,,,148.41,,80.8,,,84.13,88.11,55.89,75.38,2.88
49,1.9100,,,,144.67,,81.67,,,109.93,87.93,98.3,85.95,5.44
50,1.9490,,,,139.65,,80.67,,,122.58,99.18,119.13,112.29,6.2
51,1.9880,,,,141.84,,80.38,,,123.54,104.09,121.07,117.81,6.19
52,2.0270,,,,147.73,,79.94,,,135.82,114.11,128.88,131.17,5.72
53,2.0660,,,,145.4,,87.63,,,140.41,120.16,139.76,136.04,5.08
54,2.1049,,,,146.54,,88.21,,,,129.64,,141.53,5.19
55,2.1439,,,,147.88,,85.29,,,,129.69,,143.44,5.2
56,2.1829,,,,155.25,,79.24,,,,120.51,,142.43,5.22
57,2.2219,,,,160.45,,79.52,,,,116.9,,140.64,4.86
58,2.2609,,,,164.19,,77.09,,,,118.8,,140.59,3.84
59,2.2998,,,,163.16,,77.15,,,,118.22,,141.05,3.45
60,2.3388,,,,165.6,,78.48,,,,105.48,,145.67,5.03
61,2.3778,,,,167.16,,80.99,,,,126.81,,142.89,7.08
62,2.4168,,,,169.77,,81.57,,,,102.57,,147.19,6.89
63,2.4558,,,,169.43,,82.44,,,,98.82,,142.65,6.34
64,2.4947,,,,169.7,,81.97,,,,98.39,,140.56,5.89
65,2.5337,,,,168.54,,78.67,,,,94.03,,135.41,4.74
66,2.5727,,,,168.2,,78.43,,,,91.56,,133.29,3.79
67,2.6117,,,,168.48,,77.58,,,,90.17,,132.21,3.59
68,2.6507,,,,167.73,,75.73,,,,89.3,,128.71,3.04
69,2.6896,,,,167.39,,76.93,,,,93.51,,120.76,2.4
70,2.7286,,,,169.14,,77.8,,,,89.46,,119.76,2.65
71,2.7676,,,,169.23,,77.8,,,,94.49,,114.13,2.99
72,2.8066,,,,171.01,,81.14,,,,95.67,,113.05,2.42
73,2.8456,,,,169.69,,82.42,,,,103.39,,107.61,0.99
74,2.8845,,,,169.92,,82.43,,,,125.56,,106.3,0.63
75,2.9235,,,,170.76,,83.36,,,,121.4,,104.69,1.19
76,2.9625,,,,171.91,,86.07,,,,107.45,,96.89,3.94
77,3.0015,,,,170.04,,84.56,,,,96.17,,86.28,4.03
78,3.0405,,,,169.9,,82.62,,,,86.76,,65.02,3.74
79,3.0794,,,,170.77,,86.67,,,,91.13,,44.81,4.68
80,3.1184,,,,169.23,,84.3,,,,85.45,,34.01,2.88
81,3.1574,,,,169.38,,85.43,,,,100.48,,21.9,1.62
82,3.1964,,,,169.41,,83.07,,,,107.4,,8.7,4.85
83,3.2354,,,,168.6,,82.61,,,,108.41,,14.22,4.94
84,3.2743,,,,166.16,,80.87,,,,127.24,,18.21,6.79
85,3.3133,,,,163.89,,80.7,,,,142.34,,20.95,9.94
86,3.3523,,,,162.24,,81.66,,,,156.17,,22.61,11.51
87,3.3913,,,,162.97,,84.55,,,,156.21,,25.89,11.39
88,3.4303,,,,167.85,,85.76,,,,156.63,,31.01,8.78
89,3.4692,,,,168.89,,91.57,,,,125.89,,55.12,4.08
90,3.5082,,,,168.15,,89.08,,,,123.61,,56.06,4.18
91,3.5472,,,,166.04,,90.64,,,,165.38,,28.72,5.67
92,3.5862,,,,167.71,,88.52,,,,156.48,,28.67,4.79
93,3.6252,,,,168.66,,89.45,,,,155.93,,28.01,5.11
94,3.6641,,,161.5,165.95,92.94,88.08,,,,154.79,,28.84,8.0
95,3.7031,,,158.32,166.14,91.48,88.02,,,,154.27,,31.23,10.57
96,3.7421,,,151.22,162.68,90.45,87.17,,,,151.06,,31.3,13.75
97,3.7811,,,158.89,167.51,85.57,87.02,,,156.32,147.07,9.3,30.66,10.28
98,3.8201,,,157.7,168.25,84.5,86.47,,,159.07,148.15,14.8,29.58,11.5
99,3.8590,,,159.67,169.63,82.74,86.69,,,160.07,141.71,17.82,29.45,9.57
100,3.8980,,,156.25,170.41,83.21,85.5,,,156.27,133.73,19.23,31.7,14.03
101,3.9370,,,156.41,167.52,82.5,84.96,,,154.08,126.14,19.6,35.72,16.32
102,3.9760,,,157.4,164.53,81.56,83.46,,,150.06,120.49,19.15,36.27,17.93
103,4.0150,,,157.68,164.82,82.09,82.64,,,150.74,116.51,22.67,39.0,18.95
104,4.0539,,,158.5,165.3,81.12,82.47,,,152.51,116.84,22.99,36.51,18.29
105,4.0929,,,158.54,164.53,80.98,83.36,,,154.57,117.53,23.69,35.86,18.23
106,4.1319,,,161.28,169.57,80.29,85.31,,,160.43,123.94,21.7,25.46,14.95
